{"cameraMode":{"drawMode":0,"name":"Shaded","section":"Shading Mode"},"sceneLighting":true,"audioPlay":false,"sceneViewState":{"m_AlwaysRefresh":false,"showFog":true,"showSkybox":true,"showFlares":true,"showImageEffects":true,"showParticleSystems":true,"showVisualEffectGraphs":true,"m_FxEnabled":true},"in2DMode":false,"pivot":{"x":-0.7852797508239746,"y":-0.10665059089660645,"z":0.9629464149475098},"rotation":{"x":-0.15791405737400056,"y":0.6977881193161011,"z":-0.1621389091014862,"w":-0.6796069145202637},"size":2.8711330890655519,"orthographic":false}